<assembly xmlns="http://maven.apache.org/ASSEMBLY/2.2.0"
    xmlns:xsi="http://www.w3.org/2001/XMLSchema-instance"
    xsi:schemaLocation="http://maven.apache.org/ASSEMBLY/2.2.0 https://maven.apache.org/xsd/assembly-2.2.0.xsd">
  <id>app-image</id>
  <formats>
    <format>zip</format>
  </formats>
  <includeBaseDirectory>false</includeBaseDirectory>
  <fileSets>
    <fileSet>
      <directory>${jlink.image.output.dir}</directory>
      <outputDirectory>/</outputDirectory>
    </fileSet>
  </fileSets>
</assembly>
